Time,ChipID,T1,T2,T3
0.01,1,0,6905,10724,2826
0.02,1,1,6997,10754,3652
0.03,1,2,6334,10888,3457
0.04,1,3,6699,10252,1680
0.51,2,0,6908,10726,2820
0.52,2,1,6998,10752,3699
0.52,2,2,6334,10890,3443
0.54,2,3,6700,10247,1690
1.00,3,0,6906,10723,2807
1.01,3,1,6995,10761,3674
1.02,3,2,6335,10884,3433
1.03,3,3,6699,10259,1676
1.51,4,0,6909,10721,2826
1.52,4,1,6997,10761,3725
1.52,4,2,6336,10880,3452
1.53,4,3,6701,10260,1672
2.00,5,0,6907,10720,2774
2.01,5,1,6997,10757,3729
2.02,5,2,6335,10882,3458
2.03,5,3,6700,10259,1671
2.51,6,0,6907,10722,2829
2.52,6,1,6996,10757,3707
2.52,6,2,6336,10884,3456
2.53,6,3,6702,10255,1682
3.00,7,0,6906,10721,2793
3.01,7,1,6997,10764,3632
3.02,7,2,6335,10881,3421
3.03,7,3,6701,10258,1673
3.51,8,0,6907,10722,2781
3.52,8,1,6996,10762,3678
3.52,8,2,6336,10885,3438
3.53,8,3,6700,10254,1669
4.01,9,0,6907,10720,2800
4.01,9,1,6997,10760,3649
4.03,9,2,6338,10883,3433
4.03,9,3,6700,10255,1669
4.51,10,0,6908,10725,2786
4.52,10,1,6996,10761,3682
4.53,10,2,6334,10888,3465
4.53,10,3,6701,10253,1671
5.01,11,0,6907,10728,2818
5.01,11,1,6996,10758,3642
5.03,11,2,6334,10888,3418
5.03,11,3,6701,10250,1672
5.51,12,0,6905,10728,2827
5.52,12,1,6998,10757,3729
5.53,12,2,6336,10890,3450
5.53,12,3,6701,10247,1678
6.01,13,0,6906,10731,2794
6.01,13,1,6996,10752,3718
6.03,13,2,6334,10893,3401
6.03,13,3,6699,10248,1684
6.51,14,0,6907,10730,2803
6.52,14,1,6997,10753,3722
6.53,14,2,6333,10890,3427
6.53,14,3,6699,10249,1676
7.01,15,0,6907,10730,2809
7.01,15,1,6996,10755,3668
7.03,15,2,6335,10893,3451
7.03,15,3,6699,10247,1668
7.51,16,0,6906,10728,2789
7.52,16,1,6997,10755,3733
7.53,16,2,6333,10892,3429
7.53,16,3,6698,10246,1687
8.01,17,0,6906,10729,2782
8.02,17,1,6997,10755,3681
8.02,17,2,6334,10890,3424
8.03,17,3,6701,10247,1680
8.51,18,0,6907,10727,2801
8.52,18,1,6997,10755,3731
8.52,18,2,6336,10891,3437
8.53,18,3,6700,10247,1672
9.01,19,0,6909,10728,2828
9.02,19,1,6997,10751,3676
9.02,19,2,6335,10890,3442
9.03,19,3,6700,10244,1680
9.51,20,0,6909,10727,2822
9.52,20,1,6996,10750,3690
9.52,20,2,6334,10893,3413
9.53,20,3,6700,10242,1685
10.01,21,0,6908,10730,2809
10.02,21,1,6998,10744,3760
10.02,21,2,6336,10894,3462
10.03,21,3,6700,10239,1696
10.51,22,0,6907,10735,2836
10.52,22,1,6997,10739,3718
10.52,22,2,6335,10901,3403
10.53,22,3,6701,10234,1697
11.01,23,0,6908,10733,2832
11.02,23,1,6998,10741,3728
11.02,23,2,6336,10898,3469
11.03,23,3,6700,10236,1687
11.51,24,0,6908,10728,2812
11.52,24,1,6998,10747,3764
11.52,24,2,6335,10894,3414
11.53,24,3,6702,10237,1695
12.01,25,0,6908,10729,2815
12.02,25,1,6997,10743,3751
12.02,25,2,6336,10893,3454
12.03,25,3,6702,10239,1712
12.51,26,0,6909,10732,2827
12.52,26,1,6999,10743,3736
12.52,26,2,6336,10898,3472
12.53,26,3,6701,10236,1696
13.01,27,0,6909,10728,2836
13.02,27,1,6998,10743,3734
13.02,27,2,6336,10894,3475
13.03,27,3,6702,10237,1714
13.51,28,0,6908,10728,2833
13.52,28,1,6998,10744,3780
13.52,28,2,6336,10892,3474
13.53,28,3,6704,10236,1704
14.01,29,0,6907,10727,2831
14.02,29,1,7000,10744,3796
14.02,29,2,6337,10893,3433
14.03,29,3,6702,10238,1707
14.51,30,0,6910,10722,2833
14.52,30,1,7000,10746,3803
14.52,30,2,6338,10885,3473
14.53,30,3,6701,10238,1706
15.01,31,0,6909,10722,2869
15.02,31,1,6998,10746,3774
15.02,31,2,6335,10884,3473
15.03,31,3,6702,10243,1720
15.51,32,0,6909,10721,2844
15.52,32,1,7001,10741,3836
15.52,32,2,6335,10886,3482
15.53,32,3,6700,10241,1714
16.01,33,0,6911,10720,2853
16.02,33,1,7000,10742,3768
16.03,33,2,6337,10884,3497
16.04,33,3,6703,10237,1711
16.51,34,0,6910,10721,2882
16.52,34,1,7001,10743,3734
16.53,34,2,6337,10887,3500
16.54,34,3,6704,10233,1730
17.01,35,0,6909,10718,2857
17.02,35,1,7000,10745,3759
17.03,35,2,6337,10886,3457
17.04,35,3,6704,10237,1733
17.51,36,0,6912,10716,2878
17.52,36,1,6997,10741,3801
17.53,36,2,6335,10884,3478
17.54,36,3,6702,10234,1714
18.01,37,0,6911,10721,2881
18.02,37,1,6999,10742,3785
18.03,37,2,6335,10884,3481
18.04,37,3,6702,10237,1735
18.51,38,0,6911,10716,2863
18.52,38,1,6999,10742,3783
18.53,38,2,6338,10883,3521
18.54,38,3,6703,10237,1721
19.01,39,0,6910,10708,2899
19.02,39,1,6999,10746,3830
19.03,39,2,6337,10872,3539
19.04,39,3,6704,10242,1742
19.51,40,0,6910,10705,2887
19.52,40,1,7002,10747,3760
19.53,40,2,6337,10871,3512
19.54,40,3,6702,10243,1721
20.01,41,0,6910,10710,2866
20.02,41,1,7001,10746,3835
20.03,41,2,6338,10875,3520
20.04,41,3,6701,10242,1734
20.51,42,0,6910,10715,2889
20.52,42,1,7002,10737,3867
20.53,42,2,6339,10880,3531
20.54,42,3,6704,10236,1723
21.01,43,0,6910,10704,2894
21.02,43,1,7000,10746,3853
21.03,43,2,6338,10873,3515
21.04,43,3,6703,10245,1742
21.51,44,0,6910,10710,2905
21.52,44,1,6999,10748,3793
21.53,44,2,6337,10876,3543
21.54,44,3,6704,10239,1730
22.01,45,0,6910,10711,2873
22.02,45,1,7000,10743,3752
22.03,45,2,6339,10877,3566
22.04,45,3,6704,10236,1718
22.51,46,0,6910,10713,2890
22.52,46,1,6999,10745,3846
22.53,46,2,6339,10883,3529
22.54,46,3,6704,10237,1734
23.01,47,0,6910,10716,2896
23.02,47,1,7000,10742,3795
23.03,47,2,6339,10878,3499
23.04,47,3,6705,10238,1732
23.51,48,0,6912,10717,2882
23.52,48,1,7000,10738,3815
23.53,48,2,6337,10885,3530
23.54,48,3,6704,10233,1723
24.01,49,0,6911,10716,2878
24.02,49,1,6999,10743,3833
24.03,49,2,6338,10883,3519
24.04,49,3,6703,10237,1726
24.51,50,0,6911,10717,2867
24.52,50,1,6999,10745,3809
24.53,50,2,6338,10884,3510
24.54,50,3,6703,10236,1734
25.01,51,0,6911,10718,2876
25.02,51,1,7000,10746,3759
25.03,51,2,6337,10882,3513
25.04,51,3,6703,10236,1713
25.51,52,0,6910,10715,2876
25.52,52,1,6999,10743,3756
25.53,52,2,6337,10883,3503
25.54,52,3,6704,10234,1707
26.01,53,0,6910,10717,2837
26.02,53,1,7000,10745,3766
26.03,53,2,6337,10883,3530
26.04,53,3,6700,10237,1705
26.51,54,0,6911,10715,2889
26.52,54,1,6998,10747,3800
26.53,54,2,6336,10881,3519
26.54,54,3,6701,10231,1716
27.01,55,0,6909,10719,2869
27.02,55,1,6998,10743,3728
27.03,55,2,6338,10881,3493
27.04,55,3,6701,10241,1713
27.51,56,0,6910,10727,2880
27.52,56,1,6999,10734,3727
27.53,56,2,6338,10895,3505
27.54,56,3,6700,10231,1711
28.01,57,0,6909,10727,2859
28.02,57,1,6998,10737,3791
28.03,57,2,6336,10894,3493
28.04,57,3,6701,10231,1713
28.51,58,0,6910,10727,2856
28.52,58,1,6997,10740,3719
28.53,58,2,6337,10890,3493
28.54,58,3,6700,10233,1712
29.01,59,0,6910,10723,2849
29.02,59,1,6998,10746,3755
29.03,59,2,6335,10888,3481
29.04,59,3,6700,10238,1702
29.51,60,0,6911,10731,2845
29.52,60,1,6999,10738,3711
29.53,60,2,6337,10896,3501
29.54,60,3,6701,10230,1706
30.01,61,0,6910,10726,2835
30.02,61,1,6997,10743,3699
30.03,61,2,6337,10889,3485
30.04,61,3,6701,10240,1701
30.51,62,0,6910,10726,2830
30.52,62,1,6998,10742,3731
30.53,62,2,6337,10891,3456
30.54,62,3,6701,10239,1691
31.01,63,0,6909,10726,2849
31.02,63,1,6997,10745,3682
31.03,63,2,6334,10890,3478
31.04,63,3,6699,10240,1679
31.51,64,0,6909,10722,2812
31.52,64,1,6997,10748,3759
31.53,64,2,6337,10888,3484
31.54,64,3,6699,10244,1683
32.00,65,0,6909,10721,2834
32.02,65,1,6995,10752,3763
32.02,65,2,6336,10887,3481
32.04,65,3,6698,10247,1681
32.50,66,0,6909,10718,2823
32.52,66,1,6998,10751,3715
32.52,66,2,6335,10886,3462
32.54,66,3,6699,10246,1675
33.00,67,0,6909,10721,2806
33.02,67,1,6995,10753,3744
33.02,67,2,6337,10886,3466
33.04,67,3,6699,10246,1694
33.50,68,0,6908,10723,2829
33.52,68,1,6996,10752,3730
33.52,68,2,6335,10887,3465
33.54,68,3,6699,10248,1693
34.00,69,0,6907,10724,2822
34.02,69,1,6996,10755,3692
34.02,69,2,6336,10888,3469
34.04,69,3,6698,10247,1679
34.50,70,0,6908,10730,2798
34.52,70,1,6996,10756,3679
34.52,70,2,6336,10891,3484
34.54,70,3,6699,10249,1684
35.00,71,0,6908,10727,2804
35.02,71,1,6995,10754,3673
35.02,71,2,6336,10889,3438
35.04,71,3,6699,10249,1680
35.50,72,0,6907,10725,2800
35.52,72,1,6995,10753,3729
35.52,72,2,6336,10891,3400
35.54,72,3,6698,10250,1676
36.00,73,0,6907,10729,2818
36.02,73,1,6996,10758,3699
36.02,73,2,6336,10890,3452
36.04,73,3,6698,10254,1674
36.50,74,0,6906,10727,2807
36.52,74,1,6997,10752,3716
36.52,74,2,6336,10889,3433
36.54,74,3,6699,10249,1685
37.00,75,0,6906,10728,2788
37.02,75,1,6997,10755,3668
37.02,75,2,6336,10889,3454
37.04,75,3,6701,10249,1670
37.50,76,0,6907,10721,2795
37.52,76,1,6996,10757,3655
37.52,76,2,6336,10887,3470
37.54,76,3,6699,10257,1681
38.00,77,0,6907,10717,2830
38.02,77,1,6994,10766,3706
38.02,77,2,6336,10881,3431
38.04,77,3,6698,10261,1700
38.50,78,0,6908,10718,2809
38.52,78,1,6998,10758,3697
38.52,78,2,6337,10878,3453
38.54,78,3,6700,10254,1693
39.00,79,0,6907,10718,2794
39.02,79,1,6995,10757,3731
39.02,79,2,6334,10883,3468
39.04,79,3,6700,10252,1684
39.50,80,0,6907,10723,2820
39.52,80,1,6997,10755,3665
39.52,80,2,6337,10886,3439
39.54,80,3,6698,10250,1670
40.00,81,0,6909,10719,2834
40.02,81,1,6996,10757,3671
40.02,81,2,6335,10880,3451
40.04,81,3,6700,10253,1689
40.50,82,0,6907,10717,2818
40.52,82,1,7000,10762,3765
40.52,82,2,6336,10879,3448
40.54,82,3,6700,10255,1692
41.00,83,0,6908,10721,2800
41.02,83,1,6997,10755,3756
41.02,83,2,6337,10883,3459
41.04,83,3,6701,10251,1681
41.50,84,0,6908,10720,2794
41.52,84,1,6996,10755,3692
41.52,84,2,6337,10884,3467
41.54,84,3,6700,10249,1684
42.00,85,0,6907,10720,2830
42.02,85,1,6995,10752,3767
42.02,85,2,6333,10885,3456
42.04,85,3,6699,10250,1698
42.50,86,0,6907,10721,2808
42.52,86,1,6997,10750,3795
42.52,86,2,6336,10883,3526
42.54,86,3,6699,10248,1702
43.00,87,0,6907,10722,2833
43.02,87,1,6996,10752,3766
43.02,87,2,6334,10884,3450
43.04,87,3,6701,10248,1699
43.50,88,0,6908,10723,2828
43.52,88,1,6999,10743,3737
43.52,88,2,6337,10886,3439
43.54,88,3,6700,10245,1697
44.00,89,0,6908,10724,2802
44.02,89,1,6997,10746,3771
44.02,89,2,6335,10887,3455
44.04,89,3,6701,10244,1702
44.50,90,0,6908,10721,2820
44.52,90,1,6997,10742,3752
44.52,90,2,6335,10888,3448
44.54,90,3,6701,10242,1700
45.00,91,0,6909,10721,2836
45.02,91,1,6996,10746,3771
45.02,91,2,6336,10889,3476
45.04,91,3,6701,10240,1713
45.50,92,0,6908,10723,2856
45.52,92,1,6998,10746,3833
45.52,92,2,6334,10886,3504
45.54,92,3,6703,10240,1701
46.00,93,0,6909,10721,2847
46.02,93,1,6998,10745,3784
46.02,93,2,6335,10887,3518
46.04,93,3,6702,10240,1703
46.50,94,0,6907,10720,2878
46.52,94,1,6998,10744,3823
46.52,94,2,6335,10887,3489
46.54,94,3,6702,10241,1721
47.00,95,0,6909,10720,2848
47.02,95,1,6997,10741,3824
47.02,95,2,6336,10887,3483
47.04,95,3,6704,10241,1708
47.50,96,0,6908,10719,2849
47.52,96,1,6999,10741,3822
47.52,96,2,6335,10888,3540
47.54,96,3,6704,10240,1726
48.00,97,0,6909,10719,2887
48.02,97,1,7000,10745,3836
48.02,97,2,6335,10887,3511
48.04,97,3,6705,10236,1719
48.50,98,0,6910,10716,2845
48.52,98,1,7000,10741,3780
48.52,98,2,6336,10884,3492
48.54,98,3,6704,10237,1702
49.00,99,0,6909,10717,2846
49.02,99,1,6999,10742,3835
49.02,99,2,6338,10881,3511
49.04,99,3,6703,10235,1728
49.50,100,0,6910,10715,2877
49.52,100,1,6999,10744,3790
49.52,100,2,6339,10884,3542
49.54,100,3,6703,10235,1729
50.00,101,0,6910,10714,2868
50.02,101,1,6999,10735,3865
50.02,101,2,6337,10886,3488
50.04,101,3,6705,10238,1732
50.50,102,0,6910,10717,2890
50.52,102,1,7000,10739,3855
50.52,102,2,6338,10882,3500
50.54,102,3,6704,10234,1728
51.00,103,0,6911,10717,2877
51.02,103,1,7001,10741,3879
51.02,103,2,6338,10881,3548
51.04,103,3,6706,10234,1737
51.50,104,0,6911,10716,2870
51.52,104,1,7001,10738,3869
51.52,104,2,6338,10881,3512
51.54,104,3,6704,10234,1726
52.00,105,0,6912,10714,2906
52.02,105,1,7000,10735,3846
52.02,105,2,6338,10884,3530
52.04,105,3,6703,10232,1723
52.50,106,0,6910,10712,2885
52.52,106,1,7002,10738,3827
52.52,106,2,6337,10884,3506
52.54,106,3,6704,10237,1725
53.00,107,0,6912,10713,2881
53.02,107,1,7000,10734,3770
53.02,107,2,6338,10882,3546
53.04,107,3,6705,10236,1720
53.50,108,0,6911,10714,2879
53.52,108,1,7001,10736,3793
53.52,108,2,6339,10880,3514
53.54,108,3,6704,10234,1744
54.00,109,0,6912,10717,2894
54.02,109,1,7000,10738,3781
54.02,109,2,6338,10882,3492
54.04,109,3,6704,10237,1745
54.50,110,0,6910,10718,2873
54.52,110,1,7001,10741,3860
54.52,110,2,6338,10882,3531
54.54,110,3,6703,10238,1729
55.00,111,0,6910,10717,2838
55.02,111,1,6999,10742,3844
55.02,111,2,6338,10882,3535
55.04,111,3,6703,10236,1726
55.50,112,0,6912,10718,2898
55.52,112,1,7000,10743,3806
55.52,112,2,6338,10879,3504
55.54,112,3,6703,10236,1716
56.00,113,0,6909,10718,2869
56.02,113,1,6999,10739,3844
56.02,113,2,6336,10880,3512
56.04,113,3,6701,10237,1722
56.50,114,0,6911,10717,2878
56.52,114,1,6999,10742,3761
56.52,114,2,6337,10883,3561
56.54,114,3,6702,10236,1732
57.00,115,0,6910,10720,2864
57.02,115,1,6999,10743,3785
57.02,115,2,6335,10884,3496
57.04,115,3,6701,10238,1705
57.50,116,0,6908,10719,2876
57.52,116,1,6999,10739,3799
57.52,116,2,6336,10883,3528
57.54,116,3,6703,10239,1723
58.00,117,0,6910,10717,2857
58.02,117,1,7000,10747,3764
58.02,117,2,6335,10884,3538
58.04,117,3,6703,10239,1717
58.50,118,0,6910,10722,2867
58.52,118,1,7000,10747,3763
58.52,118,2,6336,10886,3516
58.54,118,3,6703,10239,1708
59.00,119,0,6909,10723,2876
59.02,119,1,6999,10743,3827
59.02,119,2,6336,10890,3489
59.04,119,3,6701,10231,1706
59.50,120,0,6909,10727,2860
59.52,120,1,6999,10739,3760
59.52,120,2,6337,10890,3503
59.54,120,3,6702,10230,1700
60.00,121,0,6909,10729,2846
60.02,121,1,7000,10736,3798
60.02,121,2,6338,10891,3515
60.04,121,3,6704,10232,1706
60.50,122,0,6908,10734,2856
60.52,122,1,6998,10738,3752
60.52,122,2,6337,10893,3507
60.54,122,3,6703,10232,1699
61.00,123,0,6910,10731,2835
61.02,123,1,6997,10740,3735
61.02,123,2,6338,10895,3489
61.04,123,3,6701,10231,1709
61.50,124,0,6909,10731,2851
61.52,124,1,6999,10739,3781
61.52,124,2,6336,10895,3502
61.54,124,3,6702,10231,1690
62.00,125,0,6909,10732,2852
62.02,125,1,6997,10740,3716
62.02,125,2,6336,10897,3466
62.04,125,3,6701,10234,1701
62.50,126,0,6909,10735,2850
62.52,126,1,6998,10736,3757
62.52,126,2,6337,10898,3473
62.54,126,3,6702,10232,1700
63.00,127,0,6908,10735,2838
63.02,127,1,6999,10737,3707
63.02,127,2,6336,10898,3460
63.04,127,3,6701,10232,1696
63.50,128,0,6909,10737,2846
63.52,128,1,6997,10740,3713
63.52,128,2,6337,10900,3486
63.54,128,3,6700,10232,1686
64.01,129,0,6908,10738,2854
64.01,129,1,6996,10742,3727
64.02,129,2,6337,10901,3505
64.04,129,3,6702,10236,1683
64.51,130,0,6908,10737,2852
64.51,130,1,6996,10744,3671
64.52,130,2,6335,10900,3449
64.54,130,3,6702,10235,1678
65.01,131,0,6907,10739,2834
65.01,131,1,6998,10740,3720
65.02,131,2,6337,10900,3453
65.04,131,3,6701,10238,1680
65.51,132,0,6907,10738,2846
65.51,132,1,6997,10741,3692
65.52,132,2,6335,10899,3449
65.54,132,3,6701,10237,1683
66.01,133,0,6906,10739,2810
66.01,133,1,6997,10743,3633
66.02,133,2,6335,10903,3466
66.04,133,3,6700,10242,1679
66.51,134,0,6908,10739,2785
66.51,134,1,6997,10743,3717
66.52,134,2,6335,10900,3465
66.54,134,3,6701,10238,1669
67.01,135,0,6907,10740,2789
67.01,135,1,6996,10741,3713
67.02,135,2,6335,10900,3484
67.04,135,3,6700,10239,1676
67.51,136,0,6905,10738,2811
67.51,136,1,6997,10743,3698
67.52,136,2,6334,10903,3475
67.54,136,3,6700,10239,1664
68.01,137,0,6905,10740,2798
68.01,137,1,6996,10743,3671
68.02,137,2,6336,10902,3453
68.04,137,3,6700,10239,1695
68.51,138,0,6906,10737,2806
68.51,138,1,6997,10745,3705
68.52,138,2,6335,10904,3448
68.54,138,3,6700,10238,1672
69.01,139,0,6907,10739,2782
69.01,139,1,6996,10742,3670
69.02,139,2,6334,10901,3467
69.04,139,3,6701,10237,1678
69.51,140,0,6907,10738,2805
69.51,140,1,6998,10744,3684
69.52,140,2,6335,10899,3428
69.54,140,3,6700,10236,1678
70.01,141,0,6907,10738,2809
70.01,141,1,6997,10746,3731
70.02,141,2,6334,10902,3408
70.04,141,3,6700,10238,1672
70.51,142,0,6908,10737,2813
70.51,142,1,6997,10743,3753
70.52,142,2,6335,10901,3435
70.54,142,3,6700,10239,1687
71.01,143,0,6906,10739,2815
71.01,143,1,6997,10743,3694
71.02,143,2,6334,10902,3447
71.04,143,3,6703,10241,1675
71.51,144,0,6908,10735,2802
71.51,144,1,6995,10739,3713
71.52,144,2,6335,10902,3417
71.54,144,3,6700,10237,1690
72.01,145,0,6908,10736,2802
72.01,145,1,6997,10740,3699
72.02,145,2,6335,10899,3457
72.04,145,3,6701,10236,1680
72.51,146,0,6907,10734,2817
72.51,146,1,6997,10738,3730
72.52,146,2,6335,10898,3451
72.54,146,3,6702,10235,1686
73.01,147,0,6907,10736,2820
73.01,147,1,6998,10741,3738
73.02,147,2,6336,10899,3461
73.04,147,3,6702,10238,1682
73.51,148,0,6907,10734,2822
73.51,148,1,6997,10740,3715
73.52,148,2,6334,10901,3440
73.54,148,3,6702,10233,1685
74.01,149,0,6908,10736,2828
74.01,149,1,6999,10737,3706
74.02,149,2,6334,10898,3445
74.04,149,3,6703,10236,1694
74.51,150,0,6907,10734,2821
74.51,150,1,6999,10737,3709
74.52,150,2,6334,10898,3435
74.54,150,3,6703,10233,1686
75.01,151,0,6908,10734,2860
75.01,151,1,6999,10741,3744
75.02,151,2,6334,10903,3450
75.04,151,3,6703,10234,1690
75.51,152,0,6908,10731,2850
75.51,152,1,7000,10735,3786
75.52,152,2,6336,10897,3478
75.54,152,3,6702,10237,1698
76.01,153,0,6908,10733,2832
76.01,153,1,7000,10732,3766
76.02,153,2,6335,10899,3473
76.04,153,3,6702,10231,1702
76.51,154,0,6909,10732,2844
76.51,154,1,6998,10734,3739
76.52,154,2,6335,10897,3501
76.54,154,3,6701,10230,1714
77.01,155,0,6908,10731,2841
77.01,155,1,6998,10734,3733
77.02,155,2,6334,10895,3458
77.04,155,3,6703,10231,1698
77.51,156,0,6908,10731,2862
77.51,156,1,7001,10734,3773
77.52,156,2,6335,10894,3445
77.54,156,3,6703,10228,1698
78.01,157,0,6909,10732,2861
78.01,157,1,6998,10728,3771
78.02,157,2,6334,10895,3466
78.04,157,3,6703,10230,1720
78.51,158,0,6910,10730,2859
78.51,158,1,7000,10731,3796
78.52,158,2,6336,10892,3480
78.54,158,3,6702,10230,1711
79.01,159,0,6908,10731,2857
79.01,159,1,7000,10730,3777
79.02,159,2,6336,10896,3471
79.04,159,3,6703,10229,1704
79.51,160,0,6910,10731,2862
79.51,160,1,6999,10730,3787
79.52,160,2,6337,10898,3516
79.54,160,3,6704,10226,1705
80.01,161,0,6908,10729,2880
80.01,161,1,7000,10731,3768
80.02,161,2,6337,10896,3535
80.04,161,3,6702,10226,1718
80.51,162,0,6909,10728,2855
80.51,162,1,7001,10726,3814
80.52,162,2,6337,10895,3516
80.54,162,3,6702,10228,1726
81.01,163,0,6909,10728,2871
81.01,163,1,7000,10729,3825
81.02,163,2,6336,10895,3476
81.04,163,3,6703,10224,1726
81.51,164,0,6910,10728,2893
81.51,164,1,7001,10725,3776
81.52,164,2,6336,10893,3517
81.54,164,3,6702,10222,1722
82.01,165,0,6910,10727,2879
82.01,165,1,7001,10727,3851
82.02,165,2,6338,10893,3523
82.04,165,3,6704,10223,1723
82.51,166,0,6909,10726,2888
82.51,166,1,7000,10730,3813
82.52,166,2,6337,10894,3506
82.54,166,3,6704,10224,1725
83.01,167,0,6911,10726,2863
83.01,167,1,7000,10728,3873
83.02,167,2,6337,10893,3485
83.04,167,3,6701,10226,1722
83.51,168,0,6909,10723,2874
83.51,168,1,7001,10730,3846
83.52,168,2,6336,10892,3540
83.54,168,3,6704,10231,1722
84.01,169,0,6909,10718,2868
84.01,169,1,7000,10738,3826
84.02,169,2,6336,10884,3494
84.04,169,3,6703,10234,1724
84.51,170,0,6909,10717,2888
84.51,170,1,7000,10740,3772
84.52,170,2,6337,10882,3491
84.54,170,3,6705,10234,1726
85.01,171,0,6910,10718,2881
85.01,171,1,7001,10740,3798
85.02,171,2,6337,10882,3505
85.04,171,3,6704,10234,1736
85.51,172,0,6910,10716,2858
85.51,172,1,6999,10738,3810
85.52,172,2,6338,10882,3498
85.54,172,3,6705,10234,1709
86.01,173,0,6909,10716,2859
86.01,173,1,6998,10743,3812
86.02,173,2,6338,10882,3533
86.04,173,3,6702,10235,1716
86.51,174,0,6909,10718,2880
86.51,174,1,6998,10739,3746
86.52,174,2,6337,10882,3478
86.54,174,3,6703,10233,1719
87.01,175,0,6908,10720,2860
87.01,175,1,6997,10744,3734
87.02,175,2,6337,10886,3501
87.04,175,3,6703,10237,1707
87.51,176,0,6910,10719,2882
87.51,176,1,7000,10743,3782
87.52,176,2,6336,10886,3496
87.54,176,3,6701,10237,1717
88.01,177,0,6909,10720,2855
88.01,177,1,6999,10739,3817
88.02,177,2,6336,10884,3504
88.04,177,3,6702,10237,1706
88.51,178,0,6910,10719,2857
88.51,178,1,7000,10744,3782
88.52,178,2,6338,10882,3506
88.54,178,3,6704,10239,1702
89.01,179,0,6908,10720,2858
89.01,179,1,6999,10743,3809
89.02,179,2,6338,10883,3506
89.04,179,3,6702,10238,1703
89.51,180,0,6909,10720,2860
89.51,180,1,6999,10743,3735
89.52,180,2,6338,10885,3468
89.54,180,3,6702,10240,1699
90.01,181,0,6908,10719,2846
90.01,181,1,6998,10744,3830
90.02,181,2,6338,10886,3519
90.04,181,3,6700,10241,1710
90.51,182,0,6908,10722,2837
90.51,182,1,7002,10745,3769
90.52,182,2,6336,10885,3510
90.54,182,3,6703,10241,1696
91.01,183,0,6909,10723,2842
91.01,183,1,7000,10747,3799
91.02,183,2,6335,10890,3473
91.04,183,3,6701,10241,1689
91.51,184,0,6907,10722,2836
91.51,184,1,7000,10748,3812
91.52,184,2,6336,10886,3482
91.54,184,3,6700,10237,1693
92.01,185,0,6908,10726,2833
92.01,185,1,6997,10749,3740
92.02,185,2,6338,10885,3482
92.04,185,3,6701,10242,1693
92.51,186,0,6908,10722,2828
92.51,186,1,6999,10749,3732
92.52,186,2,6336,10886,3465
92.54,186,3,6702,10242,1697
93.01,187,0,6907,10725,2826
93.01,187,1,6997,10753,3735
93.02,187,2,6338,10888,3483
93.04,187,3,6700,10244,1693
93.51,188,0,6908,10722,2826
93.51,188,1,6997,10750,3785
93.52,188,2,6338,10886,3505
93.54,188,3,6700,10246,1693
94.01,189,0,6908,10726,2808
94.01,189,1,6997,10746,3698
94.02,189,2,6337,10887,3467
94.04,189,3,6699,10245,1683
94.51,190,0,6908,10725,2832
94.51,190,1,6998,10751,3686
94.52,190,2,6336,10885,3460
94.54,190,3,6702,10244,1696
95.01,191,0,6906,10729,2822
95.01,191,1,6997,10754,3717
95.02,191,2,6336,10888,3455
95.04,191,3,6698,10246,1680
95.51,192,0,6907,10728,2802
95.51,192,1,6997,10749,3695
95.52,192,2,6336,10888,3440
95.54,192,3,6701,10246,1685
96.01,193,0,6908,10732,2819
96.01,193,1,6998,10747,3735
96.02,193,2,6334,10891,3468
96.04,193,3,6699,10244,1682
96.51,194,0,6908,10727,2802
96.51,194,1,6998,10749,3713
96.52,194,2,6334,10888,3450
96.54,194,3,6699,10245,1682
97.01,195,0,6906,10729,2836
97.01,195,1,6997,10748,3742
97.02,195,2,6335,10890,3436
97.04,195,3,6699,10243,1679
97.51,196,0,6908,10727,2814
97.51,196,1,7000,10749,3702
97.52,196,2,6336,10893,3440
97.54,196,3,6701,10245,1685
98.01,197,0,6907,10729,2808
98.01,197,1,6998,10753,3733
98.02,197,2,6335,10893,3467
98.04,197,3,6702,10243,1684
98.51,198,0,6907,10726,2818
98.51,198,1,6996,10748,3761
98.52,198,2,6334,10890,3415
98.54,198,3,6700,10246,1684
99.01,199,0,6906,10728,2792
99.01,199,1,6997,10750,3756
99.02,199,2,6335,10889,3429
99.04,199,3,6701,10242,1687
99.51,200,0,6907,10727,2793
99.51,200,1,6999,10749,3691
99.52,200,2,6335,10891,3453
99.54,200,3,6702,10241,1686
100.01,201,0,6909,10729,2819
100.01,201,1,6998,10750,3677
100.02,201,2,6334,10893,3477
100.04,201,3,6702,10242,1695
100.51,202,0,6909,10725,2808
100.51,202,1,6998,10746,3744
100.52,202,2,6336,10888,3439
100.54,202,3,6701,10242,1699
101.01,203,0,6907,10726,2851
101.01,203,1,6997,10748,3778
101.02,203,2,6335,10889,3457
101.04,203,3,6700,10245,1691
101.51,204,0,6907,10724,2820
101.51,204,1,7000,10746,3796
101.52,204,2,6335,10888,3432
101.54,204,3,6702,10239,1702
102.01,205,0,6908,10727,2829
102.01,205,1,7000,10746,3798
102.02,205,2,6333,10888,3461
102.04,205,3,6701,10240,1700
102.51,206,0,6908,10724,2799
102.51,206,1,6998,10741,3820
102.52,206,2,6337,10888,3474
102.54,206,3,6702,10242,1684
103.01,207,0,6908,10725,2837
103.01,207,1,6999,10741,3772
103.02,207,2,6335,10888,3447
103.04,207,3,6704,10241,1697
103.51,208,0,6908,10723,2838
103.51,208,1,6997,10746,3726
103.52,208,2,6334,10887,3460
103.54,208,3,6702,10241,1695
104.01,209,0,6907,10725,2811
104.01,209,1,6999,10745,3797
104.02,209,2,6335,10890,3472
104.04,209,3,6701,10243,1703
104.51,210,0,6910,10720,2840
104.51,210,1,7000,10741,3765
104.52,210,2,6337,10886,3480
104.54,210,3,6703,10238,1706
105.01,211,0,6908,10724,2824
105.01,211,1,6998,10742,3752
105.02,211,2,6336,10888,3444
105.04,211,3,6702,10237,1696
105.51,212,0,6909,10719,2878
105.51,212,1,7001,10746,3768
105.52,212,2,6335,10887,3460
105.54,212,3,6704,10235,1697
106.01,213,0,6907,10718,2840
106.01,213,1,7000,10740,3856
106.02,213,2,6336,10887,3489
106.04,213,3,6702,10237,1717
106.51,214,0,6909,10720,2840
106.51,214,1,7000,10743,3758
106.52,214,2,6336,10886,3478
106.54,214,3,6703,10235,1712
107.01,215,0,6908,10721,2839
107.01,215,1,7000,10743,3825
107.02,215,2,6335,10884,3483
107.04,215,3,6701,10236,1706
107.51,216,0,6909,10724,2851
107.51,216,1,7001,10739,3840
107.52,216,2,6337,10883,3504
107.54,216,3,6704,10233,1734
108.01,217,0,6911,10719,2851
108.01,217,1,7001,10735,3878
108.02,217,2,6337,10884,3488
108.04,217,3,6702,10235,1724
108.51,218,0,6910,10716,2864
108.51,218,1,7000,10740,3839
108.52,218,2,6337,10883,3487
108.54,218,3,6703,10236,1730
109.01,219,0,6909,10718,2872
109.01,219,1,7000,10741,3849
109.02,219,2,6338,10882,3497
109.04,219,3,6703,10234,1725
109.51,220,0,6909,10717,2877
109.51,220,1,7001,10739,3834
109.52,220,2,6338,10882,3550
109.54,220,3,6705,10234,1737
110.01,221,0,6910,10718,2871
110.01,221,1,7002,10740,3815
110.02,221,2,6338,10882,3536
110.04,221,3,6705,10233,1732
110.51,222,0,6911,10715,2876
110.51,222,1,7001,10735,3848
110.52,222,2,6339,10881,3507
110.54,222,3,6703,10232,1726
111.01,223,0,6910,10716,2860
111.01,223,1,7001,10742,3823
111.02,223,2,6338,10882,3504
111.04,223,3,6703,10234,1726
111.51,224,0,6910,10715,2895
111.51,224,1,7000,10741,3816
111.52,224,2,6338,10880,3523
111.54,224,3,6701,10234,1723
112.01,225,0,6909,10719,2886
112.01,225,1,7001,10740,3795
112.02,225,2,6338,10881,3511
112.04,225,3,6704,10236,1725
112.51,226,0,6911,10714,2865
112.51,226,1,6998,10740,3770
112.52,226,2,6338,10876,3525
112.54,226,3,6705,10235,1715
113.01,227,0,6909,10715,2869
113.01,227,1,6998,10744,3829
113.02,227,2,6338,10880,3458
113.04,227,3,6704,10235,1727
113.51,228,0,6911,10715,2849
113.51,228,1,6999,10740,3777
113.52,228,2,6338,10881,3519
113.54,228,3,6703,10236,1713
114.01,229,0,6910,10718,2871
114.01,229,1,7001,10743,3800
114.02,229,2,6337,10883,3525
114.04,229,3,6702,10237,1707
114.51,230,0,6911,10715,2852
114.51,230,1,7003,10748,3768
114.52,230,2,6340,10878,3539
114.54,230,3,6703,10238,1720
115.01,231,0,6909,10717,2850
115.01,231,1,7001,10745,3801
115.02,231,2,6337,10882,3510
115.04,231,3,6702,10241,1720
115.51,232,0,6910,10712,2867
115.51,232,1,7001,10748,3770
115.52,232,2,6338,10878,3527
115.54,232,3,6701,10241,1700
116.01,233,0,6908,10714,2849
116.01,233,1,6999,10749,3826
116.02,233,2,6336,10880,3482
116.04,233,3,6702,10244,1698
116.51,234,0,6908,10717,2829
116.51,234,1,7000,10744,3768
116.52,234,2,6336,10880,3501
116.54,234,3,6702,10242,1696
117.01,235,0,6909,10717,2863
117.01,235,1,6999,10750,3715
117.02,235,2,6337,10878,3509
117.04,235,3,6700,10243,1707
117.51,236,0,6907,10716,2847
117.51,236,1,6999,10749,3718
117.52,236,2,6336,10878,3471
117.54,236,3,6702,10247,1707
118.01,237,0,6908,10715,2861
118.01,237,1,6998,10752,3791
118.02,237,2,6336,10879,3454
118.04,237,3,6699,10248,1699
118.51,238,0,6907,10715,2860
118.51,238,1,6999,10754,3774
118.52,238,2,6336,10880,3459
118.54,238,3,6701,10247,1701
119.01,239,0,6908,10718,2798
119.01,239,1,6998,10755,3700
119.02,239,2,6336,10878,3467
119.04,239,3,6702,10248,1686
119.51,240,0,6909,10721,2855
119.51,240,1,6999,10757,3714
119.52,240,2,6336,10879,3479
119.54,240,3,6702,10249,1686
120.01,241,0,6906,10720,2837
120.01,241,1,6999,10756,3751
120.02,241,2,6336,10881,3438
120.04,241,3,6701,10249,1686
120.51,242,0,6908,10720,2822
120.51,242,1,6998,10759,3667
120.52,242,2,6336,10878,3446
120.54,242,3,6700,10253,1692
121.01,243,0,6908,10716,2819
121.01,243,1,6998,10761,3744
121.02,243,2,6335,10880,3458
121.04,243,3,6700,10253,1669
121.51,244,0,6908,10714,2788
121.51,244,1,6998,10759,3717
121.52,244,2,6337,10876,3442
121.54,244,3,6701,10255,1676
122.01,245,0,6908,10714,2808
122.01,245,1,6997,10765,3680
122.02,245,2,6336,10877,3451
122.04,245,3,6701,10256,1680
122.51,246,0,6907,10714,2840
122.51,246,1,7002,10761,3650
122.52,246,2,6336,10878,3467
122.54,246,3,6701,10255,1687
123.01,247,0,6907,10721,2835
123.01,247,1,6999,10756,3714
123.02,247,2,6336,10884,3458
123.04,247,3,6700,10255,1669
123.51,248,0,6907,10724,2833
123.51,248,1,6998,10753,3737
123.52,248,2,6334,10887,3432
123.54,248,3,6701,10252,1678
124.01,249,0,6906,10726,2804
124.01,249,1,6999,10752,3695
124.02,249,2,6336,10888,3439
124.04,249,3,6701,10249,1668
124.51,250,0,6906,10725,2817
124.51,250,1,6998,10757,3746
124.52,250,2,6335,10889,3435
124.54,250,3,6700,10247,1670
125.01,251,0,6907,10726,2810
125.01,251,1,6998,10754,3711
125.02,251,2,6335,10886,3438
125.04,251,3,6699,10253,1688
125.51,252,0,6906,10724,2829
125.51,252,1,6999,10755,3666
125.52,252,2,6335,10887,3410
125.54,252,3,6701,10250,1682
126.01,253,0,6906,10722,2839
126.01,253,1,6998,10753,3685
126.02,253,2,6335,10886,3438
126.04,253,3,6701,10250,1675
126.51,254,0,6908,10722,2808
126.51,254,1,6998,10756,3747
126.52,254,2,6337,10883,3421
126.54,254,3,6701,10250,1694
127.01,255,0,6907,10722,2801
127.01,255,1,6998,10756,3724
127.02,255,2,6334,10884,3410
127.04,255,3,6699,10252,1688
127.51,256,0,6906,10723,2810
127.51,256,1,6998,10755,3706
127.52,256,2,6334,10884,3446
127.54,256,3,6701,10246,1694
128.00,257,0,6908,10722,2822
128.02,257,1,6995,10757,3697
128.02,257,2,6336,10884,3437
128.03,257,3,6702,10250,1683
128.50,258,0,6907,10721,2826
128.52,258,1,6998,10758,3765
128.52,258,2,6335,10881,3436
128.53,258,3,6702,10248,1693
129.00,259,0,6908,10716,2843
129.02,259,1,7000,10754,3722
129.02,259,2,6334,10880,3454
129.03,259,3,6703,10251,1711
129.50,260,0,6909,10716,2861
129.52,260,1,7000,10754,3752
129.52,260,2,6336,10882,3498
129.53,260,3,6702,10249,1689
130.00,261,0,6908,10717,2824
130.02,261,1,7000,10750,3754
130.02,261,2,6337,10880,3426
130.03,261,3,6701,10251,1690
130.50,262,0,6910,10717,2824
130.52,262,1,6998,10751,3805
130.52,262,2,6336,10880,3434
130.53,262,3,6702,10251,1706
131.00,263,0,6910,10718,2845
131.02,263,1,6998,10752,3763
131.02,263,2,6338,10879,3482
131.03,263,3,6703,10249,1697
131.50,264,0,6908,10717,2847
131.52,264,1,7000,10750,3736
131.52,264,2,6334,10881,3475
131.53,264,3,6703,10247,1707
132.00,265,0,6909,10715,2822
132.02,265,1,7001,10755,3835
132.02,265,2,6337,10883,3505
132.03,265,3,6703,10247,1705
132.50,266,0,6908,10715,2836
132.52,266,1,7001,10752,3806
132.52,266,2,6336,10880,3461
132.53,266,3,6702,10246,1716
133.00,267,0,6909,10714,2840
133.02,267,1,7000,10747,3735
133.02,267,2,6335,10880,3460
133.03,267,3,6701,10249,1709
133.50,268,0,6909,10713,2859
133.52,268,1,7000,10749,3817
133.52,268,2,6334,10879,3479
133.53,268,3,6705,10246,1711
134.00,269,0,6909,10710,2842
134.02,269,1,7000,10749,3811
134.02,269,2,6336,10880,3479
134.03,269,3,6704,10246,1707
134.50,270,0,6909,10710,2860
134.52,270,1,7001,10749,3806
134.52,270,2,6338,10880,3487
134.53,270,3,6705,10242,1715
135.00,271,0,6909,10713,2869
135.02,271,1,6999,10749,3749
135.02,271,2,6336,10877,3536
135.03,271,3,6704,10241,1705
135.50,272,0,6908,10711,2871
135.52,272,1,7001,10748,3817
135.52,272,2,6338,10877,3499
135.53,272,3,6705,10245,1728
136.00,273,0,6910,10709,2853
136.02,273,1,7001,10748,3796
136.02,273,2,6339,10876,3494
136.03,273,3,6703,10244,1734
136.50,274,0,6910,10710,2867
136.52,274,1,6999,10744,3755
136.52,274,2,6337,10874,3500
136.53,274,3,6704,10242,1732
137.00,275,0,6910,10712,2881
137.02,275,1,7002,10746,3808
137.02,275,2,6338,10876,3496
137.03,275,3,6703,10237,1723
137.50,276,0,6910,10711,2898
137.52,276,1,7002,10743,3852
137.52,276,2,6337,10875,3504
137.53,276,3,6706,10236,1733
138.00,277,0,6912,10713,2889
138.02,277,1,6998,10745,3832
138.02,277,2,6338,10876,3508
138.03,277,3,6704,10237,1731
138.50,278,0,6910,10709,2868
138.52,278,1,7000,10740,3862
138.52,278,2,6339,10878,3539
138.53,278,3,6704,10238,1739
139.00,279,0,6911,10709,2898
139.02,279,1,6999,10739,3850
139.02,279,2,6338,10876,3531
139.03,279,3,6705,10232,1737
139.50,280,0,6912,10709,2888
139.52,280,1,7000,10734,3873
139.52,280,2,6336,10874,3542
139.53,280,3,6706,10237,1741
140.00,281,0,6910,10712,2887
140.02,281,1,7000,10731,3835
140.02,281,2,6337,10877,3500
140.03,281,3,6706,10235,1750
140.50,282,0,6911,10709,2916
140.52,282,1,7001,10734,3860
140.52,282,2,6339,10881,3559
140.53,282,3,6704,10234,1726
141.00,283,0,6910,10706,2902
141.02,283,1,6999,10736,3904
141.02,283,2,6338,10877,3514
141.03,283,3,6704,10241,1724
141.50,284,0,6911,10705,2897
141.52,284,1,7002,10741,3825
141.52,284,2,6339,10871,3534
141.53,284,3,6705,10238,1739
142.00,285,0,6910,10701,2916
142.02,285,1,7000,10749,3865
142.02,285,2,6338,10871,3521
142.03,285,3,6705,10240,1742
142.50,286,0,6913,10699,2901
142.52,286,1,7002,10746,3783
142.52,286,2,6339,10869,3553
142.53,286,3,6705,10242,1726
143.00,287,0,6911,10703,2897
143.02,287,1,6998,10744,3826
143.02,287,2,6338,10874,3536
143.03,287,3,6704,10245,1726
143.50,288,0,6911,10708,2931
143.52,288,1,7000,10746,3817
143.52,288,2,6337,10873,3545
143.53,288,3,6705,10244,1724
144.00,289,0,6910,10708,2902
144.02,289,1,7001,10742,3835
144.02,289,2,6337,10873,3532
144.03,289,3,6705,10238,1720
144.50,290,0,6911,10708,2910
144.52,290,1,7001,10745,3861
144.52,290,2,6338,10876,3534
144.53,290,3,6705,10236,1721
145.00,291,0,6910,10711,2891
145.02,291,1,7001,10744,3830
145.02,291,2,6337,10876,3549
145.03,291,3,6703,10239,1726
145.50,292,0,6911,10710,2869
145.52,292,1,6999,10749,3829
145.52,292,2,6338,10878,3521
145.53,292,3,6705,10240,1708
146.00,293,0,6911,10710,2902
146.02,293,1,7002,10745,3816
146.02,293,2,6337,10877,3545
146.03,293,3,6705,10240,1728
146.50,294,0,6907,10712,2887
146.52,294,1,7000,10743,3791
146.52,294,2,6338,10880,3494
146.53,294,3,6704,10242,1722
147.00,295,0,6910,10716,2881
147.02,295,1,6998,10746,3794
147.02,295,2,6338,10876,3519
147.03,295,3,6705,10241,1713
147.50,296,0,6910,10715,2883
147.52,296,1,6998,10748,3727
147.52,296,2,6337,10875,3520
147.53,296,3,6703,10241,1723
148.00,297,0,6911,10717,2843
148.02,297,1,7000,10745,3793
148.02,297,2,6337,10878,3499
148.03,297,3,6703,10243,1704
148.50,298,0,6910,10718,2876
148.52,298,1,6997,10750,3756
148.52,298,2,6337,10880,3509
148.53,298,3,6706,10241,1709
149.00,299,0,6909,10716,2856
149.02,299,1,6998,10743,3758
149.02,299,2,6337,10880,3510
149.03,299,3,6703,10245,1711
149.50,300,0,6910,10718,2847
149.52,300,1,6998,10745,3747
149.52,300,2,6338,10881,3506
149.53,300,3,6704,10239,1704
150.00,301,0,6910,10719,2880
150.02,301,1,6999,10749,3767
150.02,301,2,6338,10881,3514
150.03,301,3,6704,10243,1706
150.50,302,0,6909,10718,2854
150.52,302,1,6997,10747,3770
150.52,302,2,6337,10882,3534
150.53,302,3,6704,10240,1708
151.00,303,0,6909,10723,2837
151.02,303,1,6999,10746,3800
151.02,303,2,6338,10883,3482
151.03,303,3,6702,10243,1705
151.50,304,0,6909,10720,2835
151.52,304,1,6998,10745,3713
151.52,304,2,6337,10886,3501
151.53,304,3,6703,10239,1680
152.00,305,0,6908,10722,2860
152.02,305,1,6999,10750,3689
152.02,305,2,6334,10884,3470
152.03,305,3,6703,10245,1712
152.50,306,0,6909,10723,2841
152.52,306,1,6995,10745,3702
152.52,306,2,6337,10885,3498
152.53,306,3,6704,10242,1704
153.00,307,0,6908,10724,2840
153.02,307,1,6997,10749,3741
153.02,307,2,6336,10887,3510
153.03,307,3,6703,10245,1700
153.50,308,0,6909,10724,2843
153.52,308,1,6998,10748,3739
153.52,308,2,6337,10888,3464
153.53,308,3,6700,10245,1695
154.00,309,0,6908,10725,2817
154.02,309,1,6996,10752,3752
154.02,309,2,6336,10889,3485
154.03,309,3,6702,10244,1676
154.50,310,0,6908,10727,2807
154.52,310,1,6997,10751,3704
154.52,310,2,6337,10890,3438
154.53,310,3,6703,10242,1674
155.00,311,0,6907,10731,2807
155.02,311,1,6997,10753,3652
155.02,311,2,6336,10889,3451
155.03,311,3,6701,10248,1688
155.50,312,0,6908,10729,2833
155.52,312,1,6996,10755,3681
155.52,312,2,6335,10890,3433
155.53,312,3,6702,10247,1673
156.00,313,0,6908,10729,2797
156.02,313,1,6996,10753,3714
156.02,313,2,6336,10891,3456
156.03,313,3,6701,10249,1671
156.50,314,0,6908,10731,2822
156.52,314,1,6996,10748,3724
156.52,314,2,6334,10890,3447
156.53,314,3,6701,10248,1672
157.00,315,0,6908,10734,2796
157.02,315,1,6997,10750,3673
157.02,315,2,6335,10895,3446
157.03,315,3,6701,10243,1672
157.50,316,0,6909,10732,2803
157.52,316,1,6995,10749,3694
157.52,316,2,6334,10895,3433
157.53,316,3,6701,10245,1670
158.00,317,0,6908,10735,2818
158.02,317,1,6995,10752,3658
158.02,317,2,6334,10891,3455
158.03,317,3,6702,10248,1674
158.50,318,0,6907,10734,2789
158.52,318,1,6997,10754,3702
158.52,318,2,6336,10893,3462
158.53,318,3,6700,10248,1660
159.00,319,0,6906,10733,2772
159.02,319,1,6995,10751,3646
159.02,319,2,6334,10895,3410
159.03,319,3,6700,10246,1672
159.50,320,0,6908,10732,2765
159.52,320,1,6994,10751,3688
159.52,320,2,6335,10892,3383
159.53,320,3,6701,10244,1685
160.00,321,0,6907,10731,2776
160.02,321,1,6997,10753,3641
160.02,321,2,6335,10895,3443
160.03,321,3,6701,10247,1677
160.50,322,0,6907,10732,2799
160.52,322,1,6996,10752,3722
160.52,322,2,6334,10895,3406
160.53,322,3,6700,10244,1666
161.00,323,0,6906,10732,2795
161.02,323,1,6996,10749,3703
161.02,323,2,6334,10892,3457
161.03,323,3,6700,10245,1688
161.50,324,0,6906,10728,2789
161.52,324,1,6997,10753,3698
161.52,324,2,6336,10893,3439
161.53,324,3,6702,10248,1687
162.00,325,0,6907,10730,2810
162.02,325,1,6998,10752,3724
162.02,325,2,6334,10891,3447
162.03,325,3,6700,10246,1672
162.50,326,0,6907,10730,2788
162.52,326,1,6998,10754,3726
162.52,326,2,6336,10890,3441
162.53,326,3,6702,10246,1677
163.00,327,0,6907,10731,2789
163.02,327,1,6999,10755,3661
163.02,327,2,6335,10891,3422
163.03,327,3,6701,10251,1671
163.50,328,0,6906,10727,2821
163.52,328,1,6997,10750,3736
163.52,328,2,6336,10890,3469
163.53,328,3,6703,10246,1677
164.00,329,0,6906,10730,2792
164.02,329,1,6999,10757,3762
164.02,329,2,6336,10894,3425
164.03,329,3,6701,10248,1685
164.50,330,0,6907,10729,2796
164.52,330,1,6998,10750,3755
164.52,330,2,6335,10889,3434
164.53,330,3,6703,10244,1695
165.00,331,0,6908,10728,2811
165.02,331,1,6997,10753,3711
165.02,331,2,6335,10892,3437
165.03,331,3,6704,10244,1691
165.50,332,0,6907,10726,2801
165.52,332,1,6999,10747,3712
165.52,332,2,6335,10892,3459
165.53,332,3,6702,10242,1694
166.00,333,0,6906,10728,2821
166.02,333,1,6999,10745,3754
166.02,333,2,6337,10893,3456
166.03,333,3,6703,10244,1699
166.50,334,0,6906,10727,2825
166.52,334,1,6998,10747,3725
166.52,334,2,6337,10891,3456
166.53,334,3,6704,10241,1697
167.00,335,0,6907,10729,2797
167.02,335,1,6997,10750,3693
167.02,335,2,6336,10889,3474
167.03,335,3,6702,10239,1696
167.50,336,0,6908,10726,2862
167.52,336,1,6997,10747,3710
167.52,336,2,6338,10888,3469
167.53,336,3,6704,10242,1703
168.00,337,0,6908,10726,2847
168.02,337,1,6999,10745,3779
168.02,337,2,6336,10890,3473
168.03,337,3,6702,10239,1712
168.50,338,0,6908,10726,2827
168.52,338,1,6998,10746,3786
168.52,338,2,6336,10887,3476
168.53,338,3,6703,10236,1704
169.00,339,0,6910,10724,2843
169.02,339,1,6999,10744,3784
169.02,339,2,6337,10889,3453
169.03,339,3,6702,10238,1705
169.50,340,0,6910,10722,2817
169.52,340,1,6999,10741,3769
169.52,340,2,6336,10889,3501
169.53,340,3,6704,10238,1717
170.00,341,0,6910,10723,2844
170.02,341,1,6999,10738,3824
170.02,341,2,6337,10888,3479
170.03,341,3,6705,10238,1709
170.50,342,0,6908,10722,2837
170.52,342,1,6998,10741,3785
170.52,342,2,6336,10886,3492
170.53,342,3,6704,10237,1723
171.00,343,0,6909,10721,2857
171.02,343,1,6999,10741,3770
171.02,343,2,6338,10888,3461
171.03,343,3,6703,10239,1715
171.50,344,0,6910,10719,2853
171.52,344,1,7000,10742,3849
171.52,344,2,6338,10886,3485
171.53,344,3,6704,10237,1720
172.00,345,0,6910,10718,2853
172.02,345,1,6999,10738,3833
172.02,345,2,6336,10885,3471
172.03,345,3,6704,10235,1719
172.50,346,0,6911,10717,2863
172.52,346,1,7000,10744,3850
172.52,346,2,6336,10884,3486
172.53,346,3,6704,10233,1726
173.00,347,0,6909,10718,2871
173.02,347,1,6999,10738,3835
173.02,347,2,6337,10883,3494
173.03,347,3,6706,10236,1718
173.50,348,0,6910,10715,2872
173.52,348,1,7000,10738,3810
173.52,348,2,6337,10882,3536
173.53,348,3,6705,10234,1737
174.00,349,0,6911,10716,2895
174.02,349,1,7000,10739,3845
174.02,349,2,6336,10881,3512
174.03,349,3,6704,10232,1717
174.50,350,0,6910,10712,2889
174.52,350,1,7002,10738,3799
174.52,350,2,6337,10881,3513
174.53,350,3,6706,10233,1729
175.00,351,0,6910,10715,2892
175.02,351,1,7000,10739,3844
175.02,351,2,6337,10881,3499
175.03,351,3,6705,10233,1746
175.50,352,0,6910,10712,2877
175.52,352,1,7002,10741,3796
175.52,352,2,6338,10879,3522
175.53,352,3,6707,10229,1734
176.00,353,0,6910,10712,2891
176.02,353,1,7002,10736,3806
176.02,353,2,6338,10880,3536
176.03,353,3,6705,10231,1729
176.50,354,0,6911,10709,2897
176.52,354,1,7002,10737,3816
176.52,354,2,6337,10875,3543
176.53,354,3,6704,10238,1740
177.00,355,0,6912,10711,2895
177.02,355,1,7002,10739,3790
177.02,355,2,6336,10879,3555
177.03,355,3,6706,10235,1729
177.50,356,0,6912,10709,2894
177.52,356,1,7001,10738,3859
177.52,356,2,6338,10876,3522
177.53,356,3,6705,10238,1726
178.00,357,0,6910,10712,2904
178.02,357,1,7004,10741,3842
178.02,357,2,6337,10877,3540
178.03,357,3,6706,10240,1721
178.50,358,0,6911,10711,2849
178.52,358,1,7001,10739,3807
178.52,358,2,6338,10879,3533
178.53,358,3,6704,10236,1731
179.00,359,0,6910,10709,2871
179.02,359,1,7004,10742,3782
179.02,359,2,6337,10880,3526
179.03,359,3,6705,10237,1721
179.50,360,0,6912,10711,2877
179.52,360,1,7001,10743,3777
179.52,360,2,6338,10876,3525
179.53,360,3,6706,10237,1729
180.00,361,0,6910,10713,2875
180.02,361,1,7000,10742,3880
180.02,361,2,6338,10879,3525
180.03,361,3,6703,10238,1724
180.50,362,0,6910,10712,2878
180.52,362,1,7001,10741,3757
180.52,362,2,6339,10875,3533
180.53,362,3,6704,10241,1716
181.00,363,0,6911,10716,2900
181.02,363,1,7002,10746,3822
181.02,363,2,6338,10876,3534
181.03,363,3,6704,10245,1712
181.50,364,0,6911,10712,2869
181.52,364,1,7001,10738,3800
181.52,364,2,6338,10878,3539
181.53,364,3,6704,10240,1718
182.00,365,0,6912,10713,2883
182.02,365,1,7002,10743,3813
182.02,365,2,6337,10877,3524
182.03,365,3,6703,10240,1733
182.50,366,0,6911,10714,2873
182.52,366,1,7001,10744,3802
182.52,366,2,6338,10875,3526
182.53,366,3,6704,10242,1719
183.00,367,0,6911,10714,2885
183.02,367,1,7002,10746,3770
183.02,367,2,6336,10876,3514
183.03,367,3,6703,10244,1699
183.50,368,0,6910,10714,2852
183.52,368,1,7001,10745,3812
183.52,368,2,6337,10877,3515
183.53,368,3,6703,10241,1720
184.00,369,0,6910,10715,2866
184.02,369,1,7000,10744,3812
184.02,369,2,6337,10876,3488
184.03,369,3,6704,10244,1714
184.50,370,0,6910,10715,2883
184.52,370,1,6999,10751,3773
184.52,370,2,6337,10878,3499
184.53,370,3,6703,10244,1707
185.00,371,0,6909,10714,2883
185.02,371,1,6996,10750,3728
185.02,371,2,6337,10876,3535
185.03,371,3,6702,10249,1711
185.50,372,0,6910,10717,2870
185.52,372,1,7000,10750,3727
185.52,372,2,6336,10875,3496
185.53,372,3,6703,10247,1711
186.00,373,0,6909,10717,2860
186.02,373,1,6998,10752,3766
186.02,373,2,6336,10880,3487
186.03,373,3,6702,10250,1697
186.50,374,0,6910,10717,2822
186.52,374,1,6999,10751,3703
186.52,374,2,6337,10878,3495
186.53,374,3,6705,10246,1693
187.00,375,0,6911,10717,2860
187.02,375,1,6999,10751,3734
187.02,375,2,6337,10882,3531
187.03,375,3,6703,10246,1708
187.50,376,0,6908,10720,2867
187.52,376,1,6998,10749,3769
187.52,376,2,6337,10878,3500
187.53,376,3,6702,10247,1690
188.00,377,0,6908,10723,2849
188.02,377,1,6998,10750,3695
188.02,377,2,6337,10878,3492
188.03,377,3,6701,10249,1696
188.50,378,0,6908,10722,2820
188.52,378,1,7000,10755,3778
188.52,378,2,6337,10881,3485
188.53,378,3,6702,10251,1691
189.00,379,0,6909,10722,2838
189.02,379,1,6998,10759,3713
189.02,379,2,6336,10879,3475
189.03,379,3,6701,10250,1686
189.50,380,0,6907,10722,2843
189.52,380,1,6999,10756,3666
189.52,380,2,6335,10881,3476
189.53,380,3,6702,10250,1677
190.00,381,0,6907,10722,2809
190.02,381,1,6998,10758,3718
190.02,381,2,6335,10881,3458
190.03,381,3,6703,10254,1679
190.50,382,0,6907,10722,2817
190.52,382,1,6997,10755,3682
190.52,382,2,6333,10882,3430
190.53,382,3,6703,10252,1677
191.00,383,0,6906,10723,2799
191.02,383,1,6997,10751,3719
191.02,383,2,6335,10883,3444
191.03,383,3,6701,10251,1677
191.50,384,0,6907,10724,2833
191.52,384,1,6998,10758,3698
191.52,384,2,6335,10884,3433
191.53,384,3,6700,10254,1675
192.00,385,0,6907,10725,2803
192.02,385,1,6998,10757,3700
192.02,385,2,6334,10884,3452
192.03,385,3,6702,10252,1681
192.50,386,0,6907,10726,2816
192.52,386,1,6998,10756,3702
192.52,386,2,6334,10884,3459
192.53,386,3,6702,10252,1674
193.00,387,0,6907,10723,2820
193.02,387,1,6997,10755,3673
193.02,387,2,6333,10886,3456
193.03,387,3,6702,10252,1672
193.50,388,0,6907,10726,2820
193.52,388,1,6997,10753,3709
193.52,388,2,6333,10885,3444
193.53,388,3,6701,10254,1672
194.00,389,0,6906,10726,2829
194.02,389,1,6998,10754,3745
194.02,389,2,6335,10887,3454
194.03,389,3,6702,10253,1683
194.50,390,0,6906,10727,2805
194.52,390,1,6997,10759,3638
194.52,390,2,6335,10884,3414
194.53,390,3,6700,10251,1687
195.00,391,0,6905,10727,2808
195.02,391,1,6997,10756,3705
195.02,391,2,6335,10885,3462
195.03,391,3,6701,10251,1677
195.50,392,0,6906,10726,2788
195.52,392,1,6998,10752,3734
195.52,392,2,6336,10883,3451
195.53,392,3,6701,10254,1687
196.00,393,0,6906,10727,2793
196.02,393,1,6997,10757,3665
196.02,393,2,6335,10886,3447
196.03,393,3,6700,10252,1675
196.50,394,0,6907,10725,2799
196.52,394,1,6997,10750,3695
196.52,394,2,6336,10888,3464
196.53,394,3,6700,10255,1687
197.00,395,0,6906,10725,2797
197.02,395,1,6998,10758,3748
197.02,395,2,6335,10886,3429
197.03,395,3,6700,10251,1681
197.50,396,0,6908,10724,2791
197.52,396,1,6997,10756,3746
197.52,396,2,6335,10885,3470
197.53,396,3,6701,10248,1683
198.00,397,0,6908,10728,2796
198.02,397,1,6998,10749,3704
198.02,397,2,6336,10883,3450
198.03,397,3,6700,10251,1693
198.50,398,0,6908,10723,2820
198.52,398,1,6998,10750,3755
198.52,398,2,6336,10886,3403
198.53,398,3,6703,10249,1695
199.00,399,0,6908,10726,2807
199.02,399,1,6998,10752,3742
199.02,399,2,6335,10884,3426
199.03,399,3,6701,10248,1702
199.50,400,0,6908,10723,2837
199.52,400,1,6998,10750,3718
199.52,400,2,6336,10884,3459
199.53,400,3,6703,10246,1688
200.00,401,0,6909,10724,2819
200.02,401,1,6998,10752,3805
200.02,401,2,6335,10884,3472
200.03,401,3,6702,10247,1698
200.50,402,0,6908,10722,2830
200.52,402,1,6998,10748,3763
200.52,402,2,6334,10884,3453
200.53,402,3,6702,10243,1682
201.00,403,0,6908,10726,2827
201.02,403,1,6998,10745,3725
201.02,403,2,6335,10884,3452
201.03,403,3,6701,10243,1675
201.50,404,0,6908,10724,2822
201.52,404,1,6999,10748,3716
201.52,404,2,6334,10885,3472
201.53,404,3,6704,10239,1704
202.00,405,0,6907,10725,2847
202.02,405,1,7001,10751,3718
202.02,405,2,6335,10888,3432
202.03,405,3,6702,10242,1702
202.50,406,0,6909,10724,2850
202.52,406,1,7000,10746,3803
202.52,406,2,6334,10885,3506
202.53,406,3,6704,10241,1701
203.00,407,0,6908,10724,2820
203.02,407,1,7001,10745,3749
203.02,407,2,6336,10889,3505
203.03,407,3,6703,10238,1716
203.50,408,0,6910,10722,2835
203.52,408,1,6999,10741,3769
203.52,408,2,6334,10887,3470
203.53,408,3,6702,10236,1705
204.00,409,0,6909,10724,2879
204.02,409,1,6999,10738,3734
204.02,409,2,6336,10884,3471
204.03,409,3,6703,10236,1717
204.50,410,0,6908,10720,2849
204.52,410,1,7000,10744,3773
204.52,410,2,6336,10882,3463
204.53,410,3,6705,10233,1698
205.00,411,0,6909,10721,2862
205.02,411,1,7001,10741,3750
205.02,411,2,6336,10883,3469
205.03,411,3,6705,10234,1716
205.50,412,0,6909,10719,2841
205.52,412,1,7002,10741,3833
205.52,412,2,6337,10881,3507
205.53,412,3,6703,10232,1724
206.00,413,0,6910,10719,2848
206.02,413,1,7002,10739,3790
206.02,413,2,6337,10880,3500
206.03,413,3,6704,10236,1723
206.50,414,0,6910,10718,2847
206.52,414,1,6999,10742,3808
206.52,414,2,6334,10882,3530
206.53,414,3,6704,10233,1729
207.00,415,0,6910,10718,2864
207.02,415,1,7000,10741,3825
207.02,415,2,6337,10879,3495
207.03,415,3,6703,10233,1717
207.50,416,0,6910,10713,2823
207.52,416,1,7000,10735,3841
207.52,416,2,6336,10882,3506
207.53,416,3,6703,10230,1716
208.00,417,0,6908,10717,2848
208.02,417,1,7002,10734,3844
208.02,417,2,6335,10880,3479
208.03,417,3,6705,10234,1728
208.50,418,0,6911,10716,2860
208.52,418,1,7000,10733,3822
208.52,418,2,6337,10881,3511
208.53,418,3,6704,10234,1726
209.00,419,0,6911,10717,2872
209.02,419,1,7001,10735,3782
209.02,419,2,6339,10883,3510
209.03,419,3,6703,10231,1722
209.50,420,0,6912,10716,2858
209.52,420,1,7002,10737,3847
209.52,420,2,6337,10878,3516
209.53,420,3,6705,10232,1727
210.00,421,0,6910,10717,2878
210.02,421,1,7000,10735,3795
210.02,421,2,6337,10879,3497
210.03,421,3,6703,10231,1729
210.50,422,0,6911,10717,2849
210.52,422,1,7001,10737,3781
210.52,422,2,6336,10880,3506
210.53,422,3,6705,10230,1736
211.00,423,0,6908,10726,2873
211.02,423,1,7000,10729,3768
211.02,423,2,6336,10891,3509
211.03,423,3,6704,10221,1728
211.50,424,0,6910,10730,2879
211.52,424,1,7001,10729,3791
211.52,424,2,6338,10891,3507
211.53,424,3,6705,10221,1717
212.00,425,0,6910,10727,2882
212.02,425,1,7000,10729,3827
212.02,425,2,6337,10889,3530
212.03,425,3,6705,10223,1738
212.50,426,0,6911,10723,2842
212.52,426,1,6999,10732,3826
212.52,426,2,6337,10886,3487
212.53,426,3,6704,10226,1737
213.00,427,0,6910,10722,2861
213.02,427,1,7002,10733,3803
213.02,427,2,6338,10888,3516
213.03,427,3,6704,10226,1716
213.50,428,0,6909,10722,2878
213.52,428,1,7000,10737,3792
213.52,428,2,6337,10883,3480
213.53,428,3,6704,10231,1715
214.00,429,0,6909,10722,2856
214.02,429,1,7001,10738,3830
214.02,429,2,6337,10887,3486
214.03,429,3,6704,10233,1720
214.50,430,0,6909,10725,2858
214.52,430,1,6999,10727,3811
214.52,430,2,6337,10891,3520
214.53,430,3,6703,10223,1722
215.00,431,0,6910,10727,2856
215.02,431,1,7000,10734,3725
215.02,431,2,6336,10893,3511
215.03,431,3,6704,10227,1711
215.50,432,0,6909,10722,2850
215.52,432,1,6998,10736,3789
215.52,432,2,6338,10886,3479
215.53,432,3,6703,10231,1711
216.00,433,0,6910,10722,2865
216.02,433,1,6999,10736,3778
216.02,433,2,6338,10888,3498
216.03,433,3,6701,10234,1722
216.50,434,0,6910,10726,2865
216.52,434,1,6997,10741,3811
216.52,434,2,6336,10887,3487
216.53,434,3,6704,10232,1706
217.00,435,0,6908,10725,2837
217.02,435,1,6999,10740,3795
217.02,435,2,6336,10887,3480
217.03,435,3,6703,10235,1708
217.50,436,0,6910,10726,2855
217.52,436,1,6999,10741,3745
217.52,436,2,6335,10884,3504
217.53,436,3,6703,10236,1709
218.00,437,0,6909,10725,2855
218.02,437,1,6996,10743,3694
218.02,437,2,6337,10883,3454
218.03,437,3,6702,10237,1678
218.50,438,0,6909,10723,2833
218.52,438,1,6998,10743,3785
218.52,438,2,6338,10886,3480
218.53,438,3,6701,10237,1704
219.00,439,0,6909,10724,2807
219.02,439,1,6998,10746,3742
219.02,439,2,6336,10884,3497
219.03,439,3,6703,10240,1692
219.50,440,0,6908,10722,2838
219.52,440,1,6997,10748,3727
219.52,440,2,6336,10886,3473
219.53,440,3,6700,10239,1689
220.00,441,0,6908,10724,2808
220.02,441,1,6997,10751,3703
220.02,441,2,6336,10881,3443
220.03,441,3,6702,10243,1700
220.50,442,0,6907,10725,2840
220.52,442,1,6996,10752,3739
220.52,442,2,6336,10883,3450
220.53,442,3,6702,10244,1685
221.00,443,0,6909,10725,2809
221.02,443,1,6999,10747,3766
221.02,443,2,6336,10886,3454
221.03,443,3,6701,10247,1700
221.50,444,0,6908,10726,2824
221.52,444,1,6997,10753,3679
221.52,444,2,6337,10885,3475
221.53,444,3,6702,10242,1691
222.00,445,0,6907,10726,2799
222.02,445,1,6996,10755,3736
222.02,445,2,6335,10885,3460
222.03,445,3,6702,10248,1690
222.50,446,0,6908,10727,2815
222.52,446,1,6998,10749,3742
222.52,446,2,6335,10885,3465
222.53,446,3,6701,10245,1684
223.00,447,0,6908,10727,2810
223.02,447,1,6996,10750,3677
223.02,447,2,6335,10889,3472
223.03,447,3,6702,10246,1677
223.50,448,0,6907,10728,2817
223.52,448,1,6999,10749,3686
223.52,448,2,6336,10886,3419
223.53,448,3,6701,10247,1686
224.00,449,0,6908,10727,2793
224.02,449,1,6998,10747,3736
224.02,449,2,6336,10888,3509
224.03,449,3,6701,10244,1677
224.50,450,0,6907,10727,2819
224.52,450,1,6998,10754,3730
224.52,450,2,6334,10888,3433
224.53,450,3,6701,10247,1674
225.00,451,0,6907,10728,2790
225.02,451,1,6996,10753,3682
225.02,451,2,6334,10889,3460
225.03,451,3,6701,10246,1684
225.50,452,0,6908,10729,2800
225.52,452,1,6997,10749,3715
225.52,452,2,6336,10887,3438
225.53,452,3,6702,10247,1684
226.00,453,0,6908,10728,2793
226.02,453,1,6999,10752,3719
226.02,453,2,6334,10889,3439
226.03,453,3,6701,10247,1690
226.50,454,0,6907,10727,2833
226.52,454,1,6998,10748,3729
226.52,454,2,6333,10888,3486
226.53,454,3,6702,10243,1688
227.00,455,0,6908,10719,2808
227.02,455,1,6998,10759,3737
227.02,455,2,6335,10878,3430
227.03,455,3,6701,10252,1703
227.50,456,0,6908,10717,2803
227.52,456,1,6998,10758,3706
227.52,456,2,6336,10876,3466
227.53,456,3,6702,10250,1693
228.00,457,0,6907,10718,2787
228.02,457,1,6997,10757,3688
228.02,457,2,6337,10880,3467
228.03,457,3,6702,10255,1687
228.50,458,0,6909,10717,2835
228.52,458,1,6999,10757,3730
228.52,458,2,6336,10881,3426
228.53,458,3,6703,10252,1696
229.00,459,0,6907,10718,2822
229.02,459,1,6999,10754,3783
229.02,459,2,6334,10881,3468
229.03,459,3,6702,10249,1701
229.50,460,0,6909,10723,2808
229.52,460,1,6999,10753,3741
229.52,460,2,6336,10880,3470
229.53,460,3,6703,10242,1703
230.00,461,0,6909,10720,2847
230.02,461,1,6999,10748,3724
230.02,461,2,6334,10883,3447
230.03,461,3,6701,10243,1704
230.50,462,0,6909,10713,2828
230.52,462,1,6999,10753,3768
230.52,462,2,6335,10876,3439
230.53,462,3,6704,10250,1710
231.00,463,0,6908,10715,2817
231.02,463,1,7000,10749,3768
231.02,463,2,6336,10880,3449
231.03,463,3,6702,10245,1706
231.50,464,0,6910,10716,2835
231.52,464,1,6999,10748,3758
231.52,464,2,6336,10883,3468
231.53,464,3,6702,10242,1694
232.00,465,0,6909,10717,2837
232.02,465,1,7000,10747,3770
232.02,465,2,6336,10882,3476
232.03,465,3,6703,10244,1704
232.50,466,0,6910,10720,2829
232.52,466,1,6999,10747,3802
232.52,466,2,6336,10880,3470
232.53,466,3,6702,10244,1711
233.00,467,0,6909,10717,2834
233.02,467,1,6999,10744,3811
233.02,467,2,6337,10881,3511
233.03,467,3,6704,10239,1708
233.50,468,0,6910,10718,2841
233.52,468,1,6999,10740,3827
233.52,468,2,6338,10886,3500
233.53,468,3,6704,10237,1720
234.00,469,0,6908,10719,2877
234.02,469,1,6999,10739,3766
234.02,469,2,6337,10884,3466
234.03,469,3,6703,10236,1719
234.50,470,0,6908,10720,2860
234.52,470,1,7000,10737,3755
234.52,470,2,6338,10885,3466
234.53,470,3,6705,10234,1706
235.00,471,0,6909,10723,2833
235.02,471,1,7001,10737,3832
235.02,471,2,6337,10881,3496
235.03,471,3,6703,10233,1722
235.50,472,0,6908,10716,2854
235.52,472,1,7000,10738,3808
235.52,472,2,6338,10881,3487
235.53,472,3,6704,10232,1732
236.00,473,0,6910,10719,2834
236.02,473,1,7001,10741,3823
236.02,473,2,6340,10881,3468
236.03,473,3,6706,10232,1718
236.50,474,0,6910,10716,2870
236.52,474,1,7000,10741,3829
236.52,474,2,6336,10882,3495
236.53,474,3,6704,10230,1726
237.00,475,0,6910,10716,2876
237.02,475,1,7001,10737,3823
237.02,475,2,6338,10882,3504
237.03,475,3,6705,10232,1707
237.50,476,0,6913,10716,2870
237.52,476,1,7000,10739,3880
237.52,476,2,6337,10883,3499
237.53,476,3,6705,10231,1718
238.00,477,0,6910,10717,2866
238.02,477,1,6999,10738,3786
238.02,477,2,6335,10881,3503
238.03,477,3,6705,10232,1719
238.50,478,0,6910,10716,2894
238.52,478,1,7002,10737,3800
238.52,478,2,6338,10881,3505
238.53,478,3,6706,10231,1729
239.00,479,0,6910,10716,2905
239.02,479,1,7001,10736,3811
239.02,479,2,6340,10881,3519
239.03,479,3,6705,10232,1738
239.50,480,0,6909,10716,2893
239.52,480,1,7000,10735,3865
239.52,480,2,6338,10879,3520
239.53,480,3,6706,10234,1720
240.00,481,0,6912,10717,2880
240.02,481,1,7001,10740,3858
240.02,481,2,6338,10883,3532
240.03,481,3,6706,10235,1738
240.50,482,0,6910,10713,2867
240.52,482,1,7000,10733,3869
240.52,482,2,6337,10879,3525
240.53,482,3,6706,10232,1736
241.00,483,0,6911,10716,2876
241.02,483,1,7001,10740,3852
241.02,483,2,6339,10881,3541
241.03,483,3,6704,10234,1726
241.50,484,0,6912,10718,2847
241.52,484,1,7002,10736,3793
241.52,484,2,6338,10882,3524
241.53,484,3,6704,10233,1724
242.00,485,0,6910,10716,2882
242.02,485,1,7001,10736,3774
242.02,485,2,6337,10882,3523
242.03,485,3,6704,10233,1732
242.50,486,0,6910,10716,2846
242.52,486,1,7000,10738,3778
242.52,486,2,6336,10883,3525
242.53,486,3,6705,10232,1713
243.00,487,0,6910,10717,2874
243.02,487,1,7002,10739,3785
243.02,487,2,6337,10881,3510
243.03,487,3,6704,10237,1720
243.50,488,0,6910,10717,2874
243.52,488,1,7000,10740,3776
243.52,488,2,6337,10883,3520
243.53,488,3,6706,10235,1711
244.00,489,0,6910,10718,2880
244.02,489,1,7001,10740,3818
244.02,489,2,6337,10884,3473
244.03,489,3,6704,10236,1716
244.50,490,0,6911,10717,2887
244.52,490,1,6998,10742,3841
244.52,490,2,6336,10881,3513
244.53,490,3,6704,10236,1706
245.00,491,0,6908,10718,2877
245.02,491,1,6999,10739,3823
245.02,491,2,6337,10881,3508
245.03,491,3,6703,10233,1706
245.50,492,0,6911,10718,2874
245.52,492,1,7000,10736,3783
245.52,492,2,6336,10883,3517
245.53,492,3,6703,10236,1718
246.00,493,0,6910,10722,2903
246.02,493,1,7000,10741,3775
246.02,493,2,6338,10884,3501
246.03,493,3,6703,10234,1714
246.50,494,0,6909,10724,2819
246.52,494,1,6999,10740,3781
246.52,494,2,6335,10886,3503
246.53,494,3,6703,10234,1707
247.00,495,0,6909,10726,2853
247.02,495,1,6999,10740,3788
247.02,495,2,6337,10888,3514
247.03,495,3,6704,10235,1711
247.50,496,0,6908,10729,2842
247.52,496,1,6999,10742,3760
247.52,496,2,6337,10892,3498
247.53,496,3,6703,10234,1709
248.00,497,0,6908,10732,2848
248.02,497,1,7000,10741,3793
248.02,497,2,6336,10891,3502
248.03,497,3,6704,10231,1692
248.50,498,0,6909,10732,2825
248.52,498,1,6998,10738,3711
248.52,498,2,6337,10892,3492
248.53,498,3,6703,10232,1690
249.00,499,0,6908,10731,2854
249.02,499,1,6998,10741,3747
249.02,499,2,6335,10893,3498
249.03,499,3,6701,10233,1699
249.50,500,0,6910,10734,2843
249.52,500,1,6998,10735,3784
249.52,500,2,6336,10892,3505
249.53,500,3,6703,10232,1696
250.00,501,0,6909,10732,2872
250.02,501,1,6998,10740,3793
250.02,501,2,6336,10896,3444
250.03,501,3,6702,10233,1692
250.50,502,0,6909,10733,2828
250.52,502,1,6998,10741,3763
250.52,502,2,6336,10894,3458
250.53,502,3,6701,10231,1692
251.00,503,0,6908,10734,2837
251.02,503,1,6998,10745,3706
251.02,503,2,6334,10895,3481
251.03,503,3,6700,10234,1676
251.50,504,0,6908,10733,2816
251.52,504,1,6996,10741,3780
251.52,504,2,6336,10897,3470
251.53,504,3,6701,10236,1671
252.00,505,0,6908,10736,2821
252.02,505,1,6996,10744,3694
252.02,505,2,6336,10894,3454
252.03,505,3,6702,10234,1684
252.50,506,0,6907,10733,2812
252.52,506,1,6999,10744,3758
252.52,506,2,6336,10897,3439
252.53,506,3,6701,10234,1687
253.00,507,0,6907,10737,2820
253.02,507,1,6998,10741,3737
253.02,507,2,6335,10896,3451
253.03,507,3,6700,10236,1682
253.50,508,0,6906,10738,2803
253.52,508,1,6995,10738,3730
253.52,508,2,6337,10897,3425
253.53,508,3,6700,10236,1666
254.00,509,0,6905,10740,2808
254.02,509,1,6997,10740,3727
254.02,509,2,6336,10897,3476
254.03,509,3,6702,10232,1692
254.50,510,0,6908,10739,2796
254.52,510,1,6997,10745,3768
254.52,510,2,6338,10898,3451
254.53,510,3,6701,10238,1685
255.00,511,0,6906,10740,2814
255.02,511,1,6998,10739,3729
255.02,511,2,6335,10900,3459
255.03,511,3,6701,10233,1692
255.50,512,0,6907,10738,2804
255.52,512,1,6996,10742,3698
255.52,512,2,6334,10900,3504
255.53,512,3,6700,10232,1681
256.01,513,0,6907,10736,2814
256.01,513,1,6997,10743,3677
256.02,513,2,6334,10902,3439
256.04,513,3,6700,10234,1697
256.51,514,0,6909,10739,2790
256.51,514,1,6997,10738,3749
256.52,514,2,6334,10898,3459
256.54,514,3,6701,10232,1682
257.01,515,0,6908,10738,2833
257.01,515,1,6996,10740,3739
257.02,515,2,6335,10899,3461
257.04,515,3,6701,10232,1676
257.51,516,0,6908,10738,2838
257.51,516,1,7000,10739,3728
257.52,516,2,6335,10898,3476
257.54,516,3,6702,10230,1680
258.01,517,0,6909,10737,2810
258.01,517,1,6998,10741,3735
258.02,517,2,6335,10899,3445
258.04,517,3,6704,10230,1685
258.51,518,0,6908,10737,2852
258.51,518,1,6998,10738,3698
258.52,518,2,6337,10898,3486
258.54,518,3,6703,10232,1701
259.01,519,0,6908,10737,2838
259.01,519,1,6998,10736,3743
259.02,519,2,6337,10902,3452
259.04,519,3,6702,10233,1705
259.51,520,0,6907,10734,2852
259.51,520,1,6999,10735,3730
259.52,520,2,6339,10897,3488
259.54,520,3,6703,10231,1705
260.01,521,0,6908,10735,2830
260.01,521,1,7000,10739,3752
260.02,521,2,6336,10895,3496
260.04,521,3,6702,10229,1690
260.51,522,0,6909,10733,2824
260.51,522,1,6998,10737,3757
260.52,522,2,6336,10896,3469
260.54,522,3,6700,10228,1696
261.01,523,0,6908,10732,2825
261.01,523,1,6999,10734,3796
261.02,523,2,6335,10895,3489
261.04,523,3,6703,10232,1701
261.51,524,0,6909,10731,2815
261.51,524,1,7000,10735,3737
261.52,524,2,6335,10895,3477
261.54,524,3,6703,10228,1705
262.01,525,0,6910,10730,2841
262.01,525,1,6999,10736,3772
262.02,525,2,6337,10894,3470
262.04,525,3,6703,10232,1699
262.51,526,0,6910,10728,2819
262.51,526,1,6998,10738,3728
262.52,526,2,6338,10893,3482
262.54,526,3,6706,10228,1699
263.01,527,0,6910,10731,2853
263.01,527,1,6998,10732,3787
263.02,527,2,6337,10891,3485
263.04,527,3,6703,10228,1704
263.51,528,0,6910,10728,2865
263.51,528,1,6999,10734,3727
263.52,528,2,6335,10894,3493
263.54,528,3,6702,10230,1708
264.01,529,0,6910,10727,2835
264.01,529,1,6999,10735,3806
264.02,529,2,6336,10893,3473
264.04,529,3,6703,10231,1717
264.51,530,0,6909,10725,2855
264.51,530,1,6998,10734,3828
264.52,530,2,6336,10891,3518
264.54,530,3,6703,10227,1722
265.01,531,0,6909,10728,2857
265.01,531,1,7000,10730,3833
265.02,531,2,6335,10893,3496
265.04,531,3,6704,10225,1724
265.51,532,0,6910,10727,2865
265.51,532,1,7000,10732,3827
265.52,532,2,6333,10890,3505
265.54,532,3,6702,10227,1718
266.01,533,0,6908,10725,2881
266.01,533,1,7000,10730,3878
266.02,533,2,6335,10888,3510
266.04,533,3,6703,10223,1729
266.51,534,0,6911,10726,2861
266.51,534,1,6998,10727,3795
266.52,534,2,6335,10890,3503
266.54,534,3,6704,10225,1720
267.01,535,0,6911,10724,2879
267.01,535,1,6999,10731,3809
267.02,535,2,6335,10889,3528
267.04,535,3,6704,10225,1740
267.51,536,0,6910,10725,2910
267.51,536,1,7000,10729,3827
267.52,536,2,6336,10891,3506
267.54,536,3,6704,10221,1742
268.01,537,0,6910,10727,2887
268.01,537,1,7000,10729,3855
268.02,537,2,6335,10893,3499
268.04,537,3,6704,10223,1731
268.51,538,0,6910,10723,2863
268.51,538,1,6999,10731,3819
268.52,538,2,6335,10891,3514
268.54,538,3,6705,10224,1746
269.00,539,0,6910,10727,2876
269.01,539,1,7001,10730,3796
269.03,539,2,6337,10894,3508
269.04,539,3,6703,10224,1739
269.51,540,0,6909,10724,2883
269.51,540,1,7000,10732,3840
269.52,540,2,6338,10892,3527
269.54,540,3,6705,10222,1732
270.00,541,0,6911,10726,2861
270.01,541,1,6998,10732,3790
270.03,541,2,6336,10892,3537
270.04,541,3,6703,10222,1734
270.51,542,0,6910,10726,2888
270.51,542,1,6998,10730,3856
270.52,542,2,6336,10890,3503
270.54,542,3,6705,10222,1723
271.00,543,0,6911,10725,2866
271.01,543,1,7001,10728,3810
271.03,543,2,6337,10891,3550
271.04,543,3,6706,10226,1706
271.51,544,0,6911,10721,2885
271.51,544,1,7000,10737,3793
271.52,544,2,6337,10888,3500
271.54,544,3,6705,10231,1728
272.00,545,0,6909,10718,2876
272.01,545,1,7001,10741,3790
272.03,545,2,6336,10878,3567
272.04,545,3,6703,10233,1714
272.51,546,0,6909,10716,2873
272.51,546,1,7002,10741,3833
272.52,546,2,6337,10883,3526
272.54,546,3,6705,10234,1735
273.00,547,0,6910,10718,2859
273.01,547,1,7001,10741,3802
273.03,547,2,6337,10885,3512
273.04,547,3,6703,10238,1721
273.51,548,0,6909,10719,2876
273.51,548,1,7000,10740,3764
273.52,548,2,6337,10885,3510
273.54,548,3,6705,10236,1709
274.00,549,0,6910,10715,2858
274.01,549,1,7001,10742,3807
274.03,549,2,6336,10881,3532
274.04,549,3,6703,10233,1714
274.51,550,0,6909,10717,2867
274.51,550,1,6999,10746,3832
274.52,550,2,6336,10881,3501
274.54,550,3,6703,10237,1699
275.00,551,0,6909,10718,2854
275.01,551,1,6999,10740,3760
275.03,551,2,6335,10883,3520
275.04,551,3,6701,10237,1709
275.51,552,0,6910,10721,2847
275.51,552,1,6999,10741,3803
275.52,552,2,6337,10883,3468
275.54,552,3,6703,10239,1708
276.00,553,0,6910,10720,2872
276.01,553,1,6998,10745,3760
276.03,553,2,6337,10885,3519
276.04,553,3,6703,10241,1709
276.51,554,0,6909,10723,2870
276.51,554,1,6999,10745,3724
276.52,554,2,6336,10885,3497
276.54,554,3,6703,10238,1709
277.00,555,0,6908,10722,2827
277.01,555,1,7000,10746,3774
277.03,555,2,6336,10887,3525
277.04,555,3,6702,10241,1699
277.51,556,0,6909,10721,2823
277.51,556,1,6998,10748,3712
277.52,556,2,6336,10884,3482
277.54,556,3,6702,10238,1698
278.00,557,0,6909,10721,2841
278.01,557,1,6998,10747,3769
278.03,557,2,6335,10884,3465
278.04,557,3,6703,10242,1693
278.51,558,0,6909,10722,2857
278.51,558,1,6997,10746,3704
278.52,558,2,6335,10884,3476
278.54,558,3,6702,10242,1705
279.00,559,0,6908,10724,2849
279.01,559,1,6999,10748,3671
279.03,559,2,6336,10886,3460
279.04,559,3,6701,10243,1684
279.51,560,0,6907,10723,2832
279.51,560,1,6997,10749,3762
279.52,560,2,6337,10887,3471
279.54,560,3,6702,10239,1688
280.00,561,0,6909,10727,2821
280.01,561,1,6998,10749,3734
280.03,561,2,6334,10891,3470
280.04,561,3,6701,10241,1684
280.51,562,0,6910,10724,2807
280.51,562,1,6998,10748,3700
280.52,562,2,6335,10887,3463
280.54,562,3,6702,10244,1675
281.00,563,0,6907,10725,2823
281.01,563,1,6997,10751,3671
281.03,563,2,6335,10886,3426
281.04,563,3,6702,10243,1679
281.51,564,0,6908,10725,2833
281.51,564,1,6996,10751,3739
281.52,564,2,6337,10886,3490
281.54,564,3,6701,10246,1684
282.00,565,0,6909,10726,2813
282.01,565,1,6996,10753,3738
282.03,565,2,6334,10886,3440
282.04,565,3,6702,10246,1677
282.51,566,0,6909,10728,2809
282.51,566,1,6997,10745,3706
282.52,566,2,6336,10889,3438
282.54,566,3,6702,10245,1681
283.00,567,0,6907,10730,2822
283.01,567,1,6996,10750,3674
283.03,567,2,6337,10891,3495
283.04,567,3,6700,10243,1681
283.51,568,0,6905,10728,2804
283.51,568,1,7000,10752,3718
283.52,568,2,6335,10889,3417
283.54,568,3,6702,10247,1667
284.00,569,0,6908,10727,2836
284.01,569,1,6996,10750,3745
284.03,569,2,6334,10892,3443
284.04,569,3,6702,10243,1686
284.51,570,0,6907,10729,2825
284.51,570,1,6998,10749,3673
284.52,570,2,6335,10891,3466
284.54,570,3,6701,10244,1678
285.00,571,0,6907,10726,2785
285.01,571,1,6997,10749,3742
285.03,571,2,6334,10892,3450
285.04,571,3,6702,10243,1693
285.51,572,0,6908,10727,2827
285.51,572,1,6998,10747,3664
285.52,572,2,6334,10887,3453
285.54,572,3,6702,10242,1682
286.00,573,0,6906,10731,2806
286.01,573,1,6998,10748,3767
286.03,573,2,6335,10889,3484
286.04,573,3,6702,10243,1679
286.51,574,0,6907,10728,2848
286.51,574,1,6998,10749,3758
286.52,574,2,6337,10888,3484
286.54,574,3,6701,10241,1683
287.00,575,0,6907,10729,2821
287.01,575,1,6997,10747,3756
287.03,575,2,6336,10889,3487
287.04,575,3,6701,10240,1693
287.51,576,0,6907,10727,2817
287.51,576,1,6997,10745,3722
287.52,576,2,6335,10887,3463
287.54,576,3,6701,10238,1701
288.00,577,0,6908,10725,2816
288.01,577,1,6999,10746,3754
288.03,577,2,6335,10888,3443
288.04,577,3,6704,10239,1689
288.51,578,0,6908,10724,2829
288.51,578,1,6997,10742,3740
288.52,578,2,6335,10885,3467
288.54,578,3,6703,10238,1694
289.00,579,0,6908,10724,2842
289.01,579,1,7000,10744,3771
289.03,579,2,6335,10887,3444
289.04,579,3,6703,10242,1702
289.51,580,0,6911,10722,2848
289.51,580,1,6996,10747,3814
289.52,580,2,6335,10886,3506
289.54,580,3,6704,10241,1690
290.00,581,0,6908,10722,2835
290.01,581,1,7001,10746,3766
290.03,581,2,6333,10885,3492
290.04,581,3,6703,10237,1727
290.51,582,0,6909,10721,2868
290.51,582,1,6999,10744,3795
290.52,582,2,6335,10884,3450
290.54,582,3,6704,10242,1709
291.00,583,0,6908,10720,2845
291.01,583,1,7002,10746,3751
291.03,583,2,6336,10882,3480
291.04,583,3,6702,10241,1693
291.51,584,0,6908,10716,2858
291.51,584,1,6999,10747,3781
291.52,584,2,6335,10882,3461
291.54,584,3,6704,10240,1711
292.00,585,0,6910,10717,2849
292.01,585,1,6999,10744,3759
292.03,585,2,6337,10881,3489
292.04,585,3,6703,10244,1708
292.51,586,0,6909,10716,2848
292.51,586,1,7000,10745,3829
292.52,586,2,6336,10878,3487
292.54,586,3,6705,10242,1710
293.00,587,0,6909,10716,2847
293.01,587,1,7001,10748,3850
293.03,587,2,6337,10878,3490
293.04,587,3,6703,10239,1724
293.51,588,0,6909,10712,2866
293.51,588,1,7000,10743,3827
293.52,588,2,6336,10878,3481
293.54,588,3,6703,10236,1715
294.00,589,0,6910,10714,2878
294.01,589,1,7001,10748,3804
294.03,589,2,6338,10875,3488
294.04,589,3,6701,10242,1721
294.51,590,0,6910,10715,2873
294.51,590,1,7000,10745,3846
294.52,590,2,6338,10878,3530
294.54,590,3,6704,10237,1726
295.00,591,0,6910,10713,2893
295.01,591,1,7000,10742,3841
295.03,591,2,6338,10879,3523
295.04,591,3,6703,10239,1735
295.51,592,0,6912,10712,2873
295.51,592,1,7000,10742,3861
295.52,592,2,6336,10877,3494
295.54,592,3,6703,10235,1735
296.00,593,0,6910,10709,2886
296.01,593,1,7001,10744,3820
296.03,593,2,6338,10875,3518
296.04,593,3,6703,10241,1732
296.51,594,0,6909,10710,2871
296.51,594,1,7000,10744,3784
296.52,594,2,6337,10874,3503
296.54,594,3,6703,10242,1727
297.00,595,0,6911,10707,2875
297.01,595,1,7002,10746,3792
297.03,595,2,6337,10869,3549
297.04,595,3,6705,10245,1731
297.51,596,0,6909,10706,2869
297.51,596,1,7001,10750,3791
297.52,596,2,6337,10869,3524
297.54,596,3,6704,10239,1714
298.00,597,0,6912,10708,2868
298.01,597,1,7000,10750,3813
298.03,597,2,6337,10871,3526
298.04,597,3,6703,10244,1728
298.51,598,0,6911,10707,2883
298.51,598,1,7000,10744,3786
298.52,598,2,6337,10874,3539
298.54,598,3,6704,10240,1730
299.00,599,0,6911,10714,2886
299.01,599,1,7000,10741,3786
299.03,599,2,6337,10880,3557
299.04,599,3,6703,10235,1712
299.51,600,0,6911,10715,2873
299.51,600,1,7001,10740,3754
299.52,600,2,6337,10879,3489
299.54,600,3,6704,10236,1715
300.00,601,0,6909,10713,2877
300.01,601,1,7001,10748,3786
300.03,601,2,6337,10878,3506
300.04,601,3,6703,10238,1724
